"Algorithm","Hash","Path"
"SHA256","E3B0C44298FC1C149AFBF4C8996FB92427AE41E4649B934CA495991B7852B855","E:\ANTOANMANG\LAB3\Evidence\auth_events_before_rotation.txt"
"SHA256","21C6B421C84918583524F1073AB903E7C934DC5015F6AA0F318D1585F62A99C4","E:\ANTOANMANG\LAB3\Evidence\autoruns_after.csv"
"SHA256","1B8ABE4DA869EA369C4AA59A1D324A01826714FD4B30F6EBAE03534AB1C45A06","E:\ANTOANMANG\LAB3\Evidence\autoruns_before.csv"
"SHA256","6907BADCA0FCD58A9AF16F1284B6DFA288C44EC84555FF1D4C2FE8FFE1F4F3D5","E:\ANTOANMANG\LAB3\Evidence\baseline_defender.txt"
"SHA256","88DAA3BDA6BD085EAD5566ED2E9373CF4ADD7CEC40DA5A63C6F953D985F1BB18","E:\ANTOANMANG\LAB3\Evidence\baseline_firewall.txt"
"SHA256","B8F12B999E97869789D06EC6065053B1DD0FE14846369F747346A1785A3B7824","E:\ANTOANMANG\LAB3\Evidence\baseline_network.txt"
"SHA256","09972C274C7191071E7778437D8DE164B78282640D71DA823884EFC14852AD4A","E:\ANTOANMANG\LAB3\Evidence\baseline_os.txt"
"SHA256","CDD84004CA8AD875951B2AA84FCDB5C49FD7882FBAA7EA0C63209FA889B707FE","E:\ANTOANMANG\LAB3\Evidence\baseline_processes.txt"
"SHA256","24E5D8450835390AF3D1D2515D13F7773CFCA6469FD627145D6BD6AD12CE84AC","E:\ANTOANMANG\LAB3\Evidence\ddos_sources.txt"
"SHA256","275A021BBFB6489E54D471899F7DB9D1663FC695EC2FE2A2C4538AABF651FD0F","E:\ANTOANMANG\LAB3\Evidence\eicar.com.txt"
"SHA256","C00D23371566709B2799AA3420E6E984547A6073CE64323D44E6FA39E05F8E9C","E:\ANTOANMANG\LAB3\Evidence\local_load_test.txt"
"SHA256","E7FD8D985E5F9B042B92A2DA6E06077815242EE5293D38BD074AD5476AB0D24E","E:\ANTOANMANG\LAB3\Evidence\mail_sender_counts.txt"
"SHA256","2AB9646BC50CE4D3326BA3B3A2F28583D23FA2E3E7B26A54081E06D8A3A5AD96","E:\ANTOANMANG\LAB3\Evidence\mail_volume.txt"
"SHA256","890EC448EEE81FF7835775C2FCAE14AF27B1C361A5F7F675424F62ADCF874F44","E:\ANTOANMANG\LAB3\Evidence\start_time.txt"
